{
    "loss": 0.16801905632019043,
    "accuracy": 0.9415532350540161
}