{
    "loss": 0.5256862044334412,
    "accuracy": 0.7261538505554199
}