{
    "loss": 0.08404285460710526,
    "accuracy": 0.9695756435394287
}